drop,wheel,phase,height_mm,sensor,zero_counts,scale_n_per_count,clipped,others_peak_n,peak_n,contact_ms,bounces,rest_n,flight_ms,e_flight,e_ratio,mass_from,mass_g,impulse_mns,e_impulse,h_measured_mm,e_measured,clean,e_measured_2x_edge
1,front,,1.0,1,2020.3,0.003043,False,0.0327,3.523,9.813,1,0.83,3.668,0.1284,nan,given,86.0,12.5018,-0.6491,0.0495,0.5774,False,0.772
2,front,,1.0,1,2019.4,0.003043,False,0.0942,7.0952,7.831,1,0.7999,5.155,0.1805,nan,given,86.0,18.502,-0.0122,0.6518,0.2236,True,0.2509
3,front,,1.0,1,2018.8,0.003043,False,0.119,11.6126,7.135,2,0.7651,13.382,0.4685,0.2889,given,86.0,26.0027,0.6593,1.418,0.3935,True,0.4023
4,front,,1.0,1,2018.3,0.003043,False,0.0992,11.1274,6.441,2,0.8342,13.582,0.4755,0.3647,given,86.0,23.2642,0.4806,1.0101,0.4732,True,0.4811
5,front,,1.0,1,2017.8,0.003043,False,0.1337,13.1038,7.532,2,0.8756,17.642,0.6177,0.3145,given,86.0,32.8918,1.2035,2.5149,0.3895,True,0.404
6,front,,2.0,1,2018.2,0.003043,False,0.0387,6.3653,9.911,1,1.0049,10.303,0.2551,nan,given,86.0,20.7133,-0.2747,0.4423,0.5424,False,0.6107
7,front,,2.0,1,2018.2,0.003043,False,0.1783,16.2916,7.631,2,0.8047,17.842,0.4417,0.4278,given,86.0,33.2571,0.5747,2.5672,0.3899,True,0.4202
8,front,,2.0,1,2017.9,0.003043,False,0.1041,11.9592,7.629,2,0.864,16.156,0.4,0.3068,given,86.0,31.073,0.4465,2.1906,0.3822,True,0.4043
9,front,,2.0,1,2018.0,0.003043,False,0.0891,7.0204,6.934,1,0.8867,11.497,0.2846,nan,given,86.0,17.4559,-0.3185,0.315,0.7172,True,0.7484
10,front,,2.0,1,2017.6,0.003043,False,0.0693,7.6392,8.822,2,0.7914,7.829,0.1938,0.1899,given,86.0,19.9444,-0.2659,0.5838,0.3587,False,0.5708
