drop,wheel,height_mm,outcome,t_zero,cam_step,cam_ma,edge_deg_s,edge_fit_n,top_err_deg,park_err_deg,pre_drop_n,fall_ms,sensor,zero_counts,scale_n_per_count,clipped,others_peak_n,peak_n,contact_ms,bounces,rest_n,mass_from,mass_g,m_eff_g,m_eff_from,a_mps2,flight_ms,e_flight,e_ratio,impulse_mns,e_impulse,h_measured_mm,e_measured,clean,e_measured_2x_edge,h_contact_mm
1,front,0.5,ok,impact,4,300,371.7,13,-0.62,-0.44,0.0085,16.91,3,1692.6,0.002797,False,0.0448,3.8665,20.539,1,0.7393,rest,75.3907,89.0,given,8.3071,11.649,0.48,nan,28.1936,0.4499,0.5754,0.4948,False,0.5724,0.6117
2,front,1.0,ok,impact,5,300,370.3,13,-0.7,-0.53,0.0082,21.2,3,1693.1,0.002797,False,0.1088,5.3559,16.588,2,0.7392,rest,75.3823,89.0,given,8.3062,18.173,0.4883,0.3641,32.9325,0.5025,1.4795,0.4814,True,0.5041,1.4383
3,front,1.5,ok,impact,6,300,362.3,14,-0.7,-0.53,0.0115,23.98,3,1693.0,0.002797,False,0.1025,6.7744,15.207,2,0.7405,rest,75.5102,89.0,given,8.3202,22.121,0.474,0.4465,36.6353,0.4686,2.2403,0.4766,True,0.4892,2.2649
4,front,2.0,ok,impact,7,300,368.7,12,-0.97,-0.53,0.0104,26.64,3,1693.0,0.002797,False,0.5806,9.0035,14.12,2,0.7418,rest,75.6405,89.0,given,8.3346,25.675,0.4713,0.4539,39.8994,0.4564,3.0001,0.4785,True,0.4892,3.0915
5,front,0.5,ok,impact,8,300,370.6,13,-0.79,-0.53,0.0088,16.4,3,1693.3,0.002797,False,0.0428,3.9737,20.544,1,0.7391,rest,75.3638,89.0,given,8.3041,11.854,0.4883,nan,28.3034,0.4626,0.5806,0.5012,False,0.5783,0.6117
6,front,1.0,ok,impact,9,300,372.2,14,-0.79,-0.62,0.0084,21.06,3,1693.3,0.002797,False,0.0841,5.3499,16.589,2,0.739,rest,75.3616,89.0,given,8.3039,17.971,0.4828,0.3572,32.8188,0.4946,1.4725,0.4771,True,0.5022,1.4383
7,front,1.5,ok,impact,10,300,372.2,14,-0.79,-0.53,0.008,23.96,3,1693.2,0.002797,False,0.1022,6.7737,15.306,2,0.7396,rest,75.4179,89.0,given,8.3101,22.017,0.4715,0.4575,36.6118,0.4647,2.2341,0.4748,True,0.4872,2.2649
8,front,2.0,ok,impact,11,300,385.5,13,-0.97,-0.44,0.0094,26.26,3,1693.2,0.002797,False,0.6407,9.059,14.214,2,0.7413,rest,75.5887,89.0,given,8.3289,25.58,0.4694,0.4554,39.8835,0.453,2.9911,0.4772,True,0.4879,3.0915
9,front,0.5,ok,impact,12,300,370.2,13,-0.7,-0.53,0.0083,15.9,3,1693.4,0.002797,False,0.0403,4.0239,20.441,1,0.7389,rest,75.3485,89.0,given,8.3024,11.947,0.4921,nan,28.3552,0.4773,0.5937,0.4995,False,0.5795,0.6117
10,front,1.0,ok,impact,13,300,375.1,14,-0.7,-0.88,0.0083,21.55,3,1693.3,0.002797,False,0.0873,5.361,16.587,2,0.7389,rest,75.348,89.0,given,8.3024,17.975,0.4828,0.3572,32.8294,0.4958,1.4758,0.4767,True,0.5016,1.4383
11,front,1.5,ok,impact,14,300,369.1,13,-0.7,-0.44,0.0082,23.88,3,1693.2,0.002797,False,0.1021,6.799,15.305,2,0.7395,rest,75.4056,89.0,given,8.3087,22.025,0.4716,0.4482,36.5651,0.4622,2.2225,0.4761,True,0.4885,2.2649
12,front,2.0,ok,impact,15,300,362.5,14,-0.88,-0.53,0.0092,26.52,3,1693.3,0.002797,False,0.5617,9.0335,14.119,2,0.7392,rest,75.381,89.0,given,8.306,25.678,0.4706,0.4576,39.8701,0.4593,3.0222,0.4759,True,0.4868,3.0915
13,front,0.5,ok,impact,16,300,370.8,13,-0.79,-0.53,0.0079,15.86,3,1693.3,0.002797,False,0.0421,3.9849,20.642,1,0.7382,rest,75.2726,89.0,given,8.2941,11.85,0.4879,nan,28.3027,0.4574,0.575,0.5032,False,0.5765,0.6117
14,front,1.0,ok,impact,17,300,369.6,13,-0.79,-0.62,0.0114,21.55,3,1693.2,0.002797,False,0.0841,5.3725,16.689,2,0.7387,rest,75.3306,89.0,given,8.3005,17.875,0.4801,0.3646,32.8165,0.4897,1.4662,0.4755,True,0.4983,1.4383
15,front,1.5,ok,impact,18,300,371.4,13,-0.7,-0.53,0.0075,23.61,3,1693.3,0.002797,False,0.1022,6.779,15.302,2,0.7396,rest,75.4201,89.0,given,8.3103,22.015,0.4715,0.453,36.5379,0.4605,2.2156,0.4767,True,0.4892,2.2649
16,front,2.0,ok,impact,19,300,378.2,14,-0.88,-0.53,0.0101,26.62,3,1693.2,0.002797,False,0.534,9.059,14.123,2,0.74,rest,75.4614,89.0,given,8.3149,25.577,0.469,0.4517,39.8551,0.4571,3.0184,0.4746,True,0.4855,3.0915
17,front,0.5,ok,impact,20,300,379.5,13,-0.79,-0.53,0.0079,15.89,3,1693.4,0.002797,False,0.0422,4.021,20.541,1,0.7386,rest,75.3182,89.0,given,8.2991,11.947,0.492,nan,28.3502,0.4695,0.5845,0.5033,False,0.5737,0.6117
18,front,1.0,ok,impact,21,300,371.3,14,-0.79,-0.7,0.0103,21.5,3,1693.4,0.002797,False,0.0868,5.3608,16.587,2,0.7384,rest,75.2933,89.0,given,8.2963,17.774,0.4773,0.3555,32.7297,0.4897,1.4744,0.4714,True,0.5002,1.4383
19,front,1.5,ok,impact,22,300,379.6,13,-0.79,-0.26,0.0106,23.74,3,1693.4,0.002797,False,0.1022,6.79,15.309,2,0.7395,rest,75.4078,89.0,given,8.309,22.02,0.4715,0.4532,36.5667,0.4621,2.2225,0.476,True,0.4871,2.2649
20,front,2.0,ok,impact,23,300,382.7,13,-0.88,-0.53,0.008,26.29,3,1693.3,0.002797,False,0.6289,9.1006,14.122,2,0.7401,rest,75.47,89.0,given,8.3158,25.577,0.469,0.4556,39.8291,0.4557,3.0098,0.4753,True,0.4862,3.0915
21,front,0.5,ok,impact,24,300,379.3,13,-0.7,-0.44,0.0081,16.32,3,1693.5,0.002797,False,0.0451,4.0235,20.54,1,0.7386,rest,75.3163,89.0,given,8.2989,11.847,0.4879,nan,28.3664,0.4714,0.5918,0.496,False,0.5686,0.6117
22,front,1.0,ok,impact,25,300,388.9,13,-0.79,-0.7,0.0087,21.32,3,1693.7,0.002797,False,0.0872,5.3625,16.592,2,0.7378,rest,75.2333,89.0,given,8.2897,17.874,0.4798,0.3591,32.8111,0.4967,1.4874,0.4718,True,0.4966,1.4383
23,front,1.5,ok,impact,26,300,375.1,13,-0.7,-0.53,0.0078,23.4,3,1693.5,0.002797,False,0.1021,6.8121,15.209,2,0.7396,rest,75.4169,89.0,given,8.31,22.018,0.4715,0.4529,36.5561,0.4656,2.2383,0.4743,True,0.487,2.2649
24,front,2.0,ok,impact,27,300,370.8,13,-0.79,-0.35,0.0099,26.73,3,1693.6,0.002797,False,0.6586,9.0633,14.122,2,0.7398,rest,75.4389,89.0,given,8.3124,25.674,0.4707,0.4577,39.8513,0.4573,3.0094,0.4771,True,0.488,3.0915
25,front,0.5,ok,impact,28,300,378.7,13,-0.7,-0.53,0.0074,16.55,3,1693.7,0.002797,False,0.0444,3.981,20.637,1,0.7382,rest,75.2728,89.0,given,8.2941,11.754,0.4839,nan,28.2953,0.4569,0.5792,0.4973,False,0.5704,0.6117
26,front,1.0,ok,impact,29,300,376.3,13,-0.79,-0.44,0.0098,21.14,3,1693.6,0.002797,False,0.0812,5.3715,16.682,2,0.7391,rest,75.3679,89.0,given,8.3046,17.869,0.4801,0.3593,32.841,0.4911,1.4702,0.4748,True,0.4998,1.4383
27,front,1.5,ok,impact,30,300,378.3,13,-0.7,-0.62,0.0094,23.39,3,1693.7,0.002797,False,0.1111,6.8227,15.206,2,0.7394,rest,75.3993,89.0,given,8.308,22.024,0.4716,0.4573,36.5885,0.4679,2.2484,0.4733,True,0.4859,2.2649
28,front,2.0,ok,impact,31,300,378.1,14,-0.97,-0.26,0.0105,26.47,3,1694.0,0.002797,False,0.5099,9.107,14.02,2,0.7392,rest,75.3818,89.0,given,8.3061,25.581,0.4688,0.4554,39.884,0.4636,3.0595,0.4712,True,0.4833,3.0915
29,front,0.5,ok,impact,32,300,375.8,13,-0.79,-0.62,0.0083,15.79,3,1693.7,0.002797,False,0.0429,4.0172,20.544,1,0.7386,rest,75.3135,89.0,given,8.2986,11.948,0.492,nan,28.3543,0.4699,0.5849,0.5032,False,0.573,0.6117
30,front,1.0,ok,impact,33,300,377.5,13,-0.62,-0.44,0.0104,21.57,3,1693.9,0.002797,False,0.0866,5.3929,16.691,2,0.7385,rest,75.3096,89.0,given,8.2981,17.769,0.4772,0.3502,32.8461,0.4922,1.482,0.4701,True,0.4949,1.4383
31,front,1.5,ok,impact,34,300,383.1,13,-0.7,-0.35,0.008,23.48,3,1693.8,0.002797,False,0.105,6.8169,15.208,2,0.7389,rest,75.3425,89.0,given,8.3018,22.021,0.4714,0.4485,36.6092,0.4701,2.2592,0.4719,True,0.4845,2.2649
32,front,2.0,ok,impact,35,300,386.2,13,-0.88,-0.35,0.0107,26.05,3,1693.9,0.002797,False,0.5307,9.1466,14.12,2,0.7394,rest,75.3963,89.0,given,8.3077,25.57,0.4686,0.452,39.8818,0.4596,3.0358,0.4729,True,0.4822,3.0915
33,front,0.5,ok,impact,36,300,383.4,12,-0.79,-0.53,0.0079,16.1,3,1693.9,0.002797,False,0.0472,4.0616,20.444,1,0.7384,rest,75.2986,89.0,given,8.2969,11.948,0.492,nan,28.3842,0.4819,0.5994,0.497,False,0.5754,0.6117
34,front,1.0,ok,impact,37,300,380.1,13,-0.7,-0.79,0.0087,20.99,3,1694.1,0.002797,False,0.0835,5.4065,16.689,2,0.7389,rest,75.347,89.0,given,8.3023,17.778,0.4775,0.3499,32.8909,0.4948,1.4883,0.4694,True,0.4939,1.4383
35,front,1.5,ok,impact,38,300,375.2,13,-0.7,-0.53,0.0085,24.02,3,1694.0,0.002797,False,0.1108,6.8583,15.208,2,0.7395,rest,75.4052,89.0,given,8.3087,22.02,0.4715,0.4529,36.6024,0.4686,2.2515,0.4729,True,0.4854,2.2649
36,front,2.0,ok,impact,39,300,371.5,13,-0.79,-0.44,0.0104,26.96,3,1694.1,0.002797,False,0.3937,9.1151,14.022,2,0.7392,rest,75.3771,89.0,given,8.3056,25.671,0.4704,0.4577,39.9077,0.4648,3.0567,0.4731,True,0.4825,3.0915
37,front,0.5,ok,impact,40,300,383.3,13,-0.79,-0.62,0.0103,16.46,3,1694.3,0.002797,False,0.044,4.0158,20.542,1,0.7377,rest,75.2295,89.0,given,8.2893,11.754,0.4838,nan,28.3312,0.4702,0.5952,0.4904,False,0.5691,0.6117
38,front,1.0,ok,impact,41,300,378.0,14,-0.79,-0.53,0.0089,21.16,3,1694.3,0.002797,False,0.0858,5.4169,16.593,2,0.7379,rest,75.2452,89.0,given,8.291,17.878,0.4799,0.359,32.8399,0.4985,1.4922,0.4712,True,0.4977,1.4383
39,front,1.5,ok,impact,42,300,380.3,13,-0.7,-0.35,0.0086,23.61,3,1694.3,0.002797,False,0.1077,6.8545,15.207,2,0.7391,rest,75.3666,89.0,given,8.3044,22.022,0.4715,0.453,36.6147,0.47,2.2584,0.4721,True,0.4846,2.2649
40,front,2.0,ok,impact,43,300,379.8,14,-0.79,-0.35,0.0087,25.81,3,1694.4,0.002797,False,0.5337,9.1423,14.018,2,0.7387,rest,75.322,89.0,given,8.2995,25.578,0.4686,0.4595,39.8918,0.465,3.0699,0.4702,True,0.4797,3.0915
41,front,0.5,ok,impact,44,300,382.8,12,-0.79,-0.62,0.0085,16.23,3,1694.5,0.002797,False,0.0466,4.0598,20.544,1,0.7372,rest,75.171,89.0,given,8.2829,11.851,0.4876,nan,28.3664,0.4758,0.5974,0.4934,False,0.565,0.6117
42,front,1.0,ok,impact,45,300,381.0,13,-0.88,-0.53,0.0082,21.54,3,1694.4,0.002797,False,0.0882,5.4307,16.494,2,0.7379,rest,75.2498,89.0,given,8.2916,17.871,0.4797,0.3536,32.8183,0.5021,1.5034,0.4692,True,0.4939,1.4383
43,front,1.5,ok,impact,46,300,382.7,13,-0.79,-0.44,0.0079,23.69,3,1694.4,0.002797,False,0.1047,6.888,15.304,2,0.7396,rest,75.4148,89.0,given,8.3097,22.026,0.4717,0.4571,36.6364,0.4662,2.2403,0.4743,True,0.4866,2.2649
44,front,2.0,ok,impact,47,300,390.6,13,-0.88,-0.35,0.0108,26.42,3,1694.6,0.002797,False,0.4512,9.192,14.023,2,0.7386,rest,75.3174,89.0,given,8.299,25.48,0.4667,0.4573,39.8889,0.4648,3.0795,0.4677,True,0.4771,3.0915
45,front,0.5,ok,impact,48,300,385.8,12,-0.79,-0.53,0.01,16.23,3,1694.6,0.002797,False,0.0464,4.082,20.342,1,0.7375,rest,75.2022,89.0,given,8.2863,11.946,0.4916,nan,28.36,0.4907,0.6106,0.492,False,0.5731,0.6117
46,front,1.0,ok,impact,49,300,377.9,14,-0.79,-0.7,0.009,21.3,3,1694.6,0.002797,False,0.0854,5.444,16.494,2,0.7383,rest,75.2894,89.0,given,8.2959,17.969,0.4825,0.3571,32.8903,0.5065,1.5081,0.4712,True,0.4939,1.4383
47,front,1.5,ok,impact,50,300,378.2,13,-0.79,-0.62,0.0096,23.79,3,1694.5,0.002797,False,0.1161,6.9491,15.11,2,0.739,rest,75.3589,89.0,given,8.3036,22.12,0.4735,0.4553,36.6621,0.4771,2.281,0.4719,True,0.4844,2.2649
48,front,2.0,ok,impact,51,300,369.5,13,-0.79,-0.44,0.0105,27.02,3,1694.6,0.002797,False,0.4325,9.1446,13.927,2,0.7386,rest,75.3201,89.0,given,8.2993,25.678,0.4704,0.4575,39.9169,0.4697,3.0871,0.4707,True,0.4829,3.0915
49,front,0.5,ok,impact,52,300,379.3,13,-0.79,-0.35,0.0073,16.45,3,1694.8,0.002797,False,0.0462,4.0423,20.445,1,0.7377,rest,75.2274,89.0,given,8.2891,11.848,0.4876,nan,28.3421,0.4794,0.6017,0.4917,False,0.5698,0.6117
50,front,1.0,ok,impact,53,300,379.2,13,-0.79,-0.53,0.0103,21.72,3,1694.7,0.002797,False,0.0859,5.4605,16.488,2,0.7378,rest,75.2368,89.0,given,8.2901,17.977,0.4825,0.3573,32.9092,0.5093,1.5164,0.4699,True,0.4981,1.4383
51,front,1.5,ok,impact,54,300,375.2,13,-0.7,-0.44,0.0097,23.84,3,1694.8,0.002797,False,0.1124,6.9343,15.21,2,0.7376,rest,75.2178,89.0,given,8.288,22.018,0.4709,0.453,36.6588,0.4752,2.2844,0.4689,True,0.4812,2.2649
52,front,2.0,ok,impact,55,300,381.2,13,-0.97,-0.44,0.0097,26.67,3,1694.7,0.002797,False,0.633,9.2197,13.924,2,0.7374,rest,75.1941,89.0,given,8.2854,25.679,0.47,0.4576,39.95,0.4735,3.1132,0.4684,True,0.4777,3.0915
53,front,0.5,ok,impact,56,300,371.2,12,-0.62,-0.44,nan,16.49,3,1694.9,0.002797,False,0.0405,3.958,20.938,1,0.7353,rest,74.984,89.0,given,8.2623,11.653,0.4788,nan,28.3316,0.4456,0.5717,0.4953,False,0.5716,0.6117
54,front,1.0,ok,impact,57,300,385.1,13,-0.79,-0.53,0.0096,21.0,3,1694.9,0.002797,False,0.0851,5.4208,16.492,2,0.7368,rest,75.1323,89.0,given,8.2786,17.972,0.4821,0.3518,32.8826,0.5094,1.5182,0.4692,True,0.4939,1.4383
55,front,1.5,ok,impact,58,300,382.4,13,-0.79,-0.44,0.0079,23.84,3,1694.9,0.002797,False,0.1038,6.9285,15.107,2,0.7383,rest,75.2827,89.0,given,8.2952,22.122,0.4733,0.4555,36.6804,0.4797,2.2937,0.4704,True,0.4813,2.2649
56,front,2.0,ok,impact,59,300,388.8,13,-0.88,-0.44,0.0104,26.13,3,1695.0,0.002797,False,0.6175,9.2523,14.027,2,0.7363,rest,75.0825,89.0,given,8.2731,25.57,0.4677,0.4596,39.9521,0.4717,3.1165,0.4658,True,0.4778,3.0915
57,front,0.5,ok,impact,60,300,383.6,13,-0.88,-0.62,0.0103,16.14,3,1695.2,0.002797,False,0.0482,4.1252,20.346,1,0.7363,rest,75.0812,89.0,given,8.273,12.047,0.4953,nan,28.4214,0.5011,0.6188,0.4925,False,0.5695,0.6117
58,front,1.0,ok,impact,61,300,381.5,13,-0.62,-0.88,0.0099,21.52,3,1695.1,0.002797,False,0.0855,5.451,16.39,2,0.7366,rest,75.112,89.0,given,8.2764,17.975,0.4821,0.3571,32.895,0.5163,1.5383,0.4661,True,0.487,1.4383
59,front,1.5,ok,impact,62,300,373.2,14,-0.79,-0.62,0.0095,23.72,3,1694.9,0.002797,False,0.1101,7.0181,15.115,2,0.7374,rest,75.1888,89.0,given,8.2848,22.021,0.4709,0.4529,36.6705,0.4805,2.3086,0.4664,True,0.4772,2.2649
60,front,2.0,ok,impact,63,300,374.9,13,-0.88,-0.53,0.0098,26.4,3,1695.2,0.002797,False,0.658,9.2798,13.929,2,0.7362,rest,75.0697,89.0,given,8.2717,25.67,0.4695,0.4617,39.972,0.4765,3.1351,0.4662,True,0.4758,3.0915
61,front,0.5,ok,impact,64,300,375.8,13,-0.62,-0.53,0.0093,16.34,3,1695.2,0.002797,False,0.0506,4.0944,20.152,1,0.7363,rest,75.0862,89.0,given,8.2735,12.145,0.4994,nan,28.4247,0.5173,0.6338,0.4906,False,0.571,0.6117
62,front,1.0,ok,impact,65,300,375.0,13,-0.7,-0.62,0.0099,21.18,3,1695.2,0.002797,False,0.0889,5.5096,16.296,2,0.7367,rest,75.119,89.0,given,8.2771,17.974,0.4821,0.3515,32.8938,0.5211,1.5527,0.464,True,0.4865,1.4383
63,front,1.5,ok,impact,66,300,372.3,13,-0.79,-0.44,0.0098,23.32,3,1695.2,0.002797,False,0.1101,7.0508,15.113,2,0.7373,rest,75.1804,89.0,given,8.2839,21.914,0.4686,0.4461,36.7086,0.4829,2.3304,0.4619,True,0.4743,2.2649
64,front,2.0,ok,impact,67,300,391.0,13,-0.88,-0.44,0.0089,26.88,3,1695.1,0.002797,False,0.5215,9.3976,13.922,2,0.7362,rest,75.0748,89.0,given,8.2723,25.572,0.4677,0.4598,40.0557,0.4808,3.1732,0.4616,True,0.4723,3.0915
65,front,0.5,ok,impact,68,300,378.1,12,-0.79,-0.44,0.0088,16.12,3,1695.1,0.002797,False,0.0474,4.159,20.15,1,0.7348,rest,74.9333,89.0,given,8.2567,12.148,0.499,nan,28.4274,0.5227,0.641,0.4874,False,0.5636,0.6117
