sensor,grams,step,X_counts,Y_counts,Z_counts,Rz_counts,X_sd,Y_sd,Z_sd,Rz_sd,samples,time
0,0.0,0,2020.12,1636.53,1695.1,1664.97,0.77,0.71,0.84,0.75,5045,2026-10-02T00:45:02
1,28.5,1,2109.1,1636.8,1695.07,1664.91,0.8,0.72,0.82,0.73,5045,2026-10-02T00:45:09
2,28.5,2,2018.94,1728.03,1694.82,1664.92,0.78,0.93,0.83,0.74,5045,2026-10-02T00:45:11
3,28.5,3,2018.25,1634.07,1789.96,1664.92,0.77,0.7,0.76,0.74,5045,2026-10-02T00:45:16
4,28.5,4,2018.31,1633.58,1691.05,1759.17,0.77,0.69,0.64,0.94,5045,2026-10-02T00:45:20
1,33.0,5,2124.38,1635.48,1692.76,1662.98,0.88,0.69,0.71,0.9,5045,2026-10-02T00:45:36
2,33.0,6,2017.26,1739.83,1693.18,1662.9,0.78,0.89,0.74,0.91,5045,2026-10-02T00:45:39
3,33.0,7,2016.99,1634.88,1809.49,1663.19,0.76,0.72,1.0,0.87,5045,2026-10-02T00:45:43
4,33.0,8,2017.33,1633.32,1692.52,1772.27,0.78,0.7,0.72,0.75,5045,2026-10-02T00:45:47
1,128.0,9,2421.8,1635.11,1692.66,1661.87,1.63,0.7,0.69,0.89,5045,2026-10-02T00:45:58
2,128.0,10,2019.03,2051.99,1693.38,1662.55,0.78,1.4,0.79,0.91,5045,2026-10-02T00:46:01
3,128.0,11,2017.19,1631.68,2142.18,1663.18,0.77,0.76,1.37,0.87,5045,2026-10-02T00:46:05
4,128.0,12,2017.71,1629.64,1690.53,2078.26,0.76,0.72,0.66,1.27,5045,2026-10-02T00:46:09
1,145.0,13,2460.63,1632.7,1689.94,1660.32,1.55,0.7,0.63,0.78,5045,2026-10-02T00:46:16
2,145.0,14,2016.83,2102.96,1691.56,1661.3,0.77,1.55,0.65,0.9,5045,2026-10-02T00:46:20
3,145.0,15,2015.64,1628.55,2208.37,1662.3,0.77,0.73,2.74,0.91,5045,2026-10-02T00:46:23
4,145.0,16,2015.87,1627.14,1690.79,2141.64,0.76,0.71,0.7,1.23,5045,2026-10-02T00:46:26
1,182.0,17,2598.14,1631.11,1689.32,1659.65,1.31,0.71,0.65,0.73,5045,2026-10-02T00:46:34
2,182.0,18,2015.81,2236.95,1693.52,1661.86,0.78,11.54,0.79,0.9,5045,2026-10-02T00:46:45
3,182.0,19,2016.43,1631.25,2339.68,1663.35,0.76,0.71,10.33,0.84,5045,2026-10-02T00:46:54
4,182.0,20,2016.59,1633.12,1688.32,2246.79,0.76,0.69,0.71,2.22,5045,2026-10-02T00:47:00
1,455.0,21,3494.32,1635.6,1692.66,1660.2,4.44,0.7,0.71,0.76,5045,2026-10-02T00:47:27
2,455.0,22,2016.12,3087.59,1693.94,1660.61,0.77,5.0,0.83,0.82,5045,2026-10-02T00:47:35
3,455.0,23,2017.48,1625.39,3277.07,1661.73,0.76,0.7,6.55,0.81,5045,2026-10-02T00:47:43
4,455.0,24,2018.33,1629.54,1684.52,3079.63,0.77,0.73,0.71,6.09,5045,2026-10-02T00:47:50
0,0.0,25,2018.44,1632.16,1687.74,1656.28,0.77,0.7,0.76,0.79,5045,2026-10-02T00:47:56
